Camiseta NikeLab Essentials Masculina,https://www.nike.com.br/camiseta-nikelab-essentials-masculina-153-184-188-370078?gridPosition=A1,195240066050,https://images.lojanike.com.br/320x320/produto/camiseta-manga-curta-m-nrg-tee-CV0559-661-1-11629993493.jpg
Camiseta NikeLab Essentials Masculina,https://www.nike.com.br/camiseta-nikelab-essentials-masculina-153-184-188-370078?gridPosition=A1,195240066050,https://images.lojanike.com.br/320x320/produto/camiseta-manga-curta-m-nrg-tee-CV0559-661-1-11629993493.jpg
Camiseta NikeLab Essentials Masculina,https://www.nike.com.br/camiseta-nikelab-essentials-masculina-153-184-188-370078?gridPosition=A1,195240066050,https://images.lojanike.com.br/320x320/produto/camiseta-manga-curta-m-nrg-tee-CV0559-661-1-11629993493.jpg
Camiseta NikeLab Essentials Masculina,https://www.nike.com.br/camiseta-nikelab-essentials-masculina-153-184-188-370078?gridPosition=A1,195240066050,https://images.lojanike.com.br/320x320/produto/camiseta-manga-curta-m-nrg-tee-CV0559-661-1-11629993493.jpg
Camiseta NikeLab Essentials Masculina,https://www.nike.com.br/camiseta-nikelab-essentials-masculina-153-184-188-370078?gridPosition=A1,195240066050,https://images.lojanike.com.br/320x320/produto/camiseta-manga-curta-m-nrg-tee-CV0559-661-1-11629993493.jpg
Camiseta NikeLab Essentials Masculina,https://www.nike.com.br/camiseta-nikelab-essentials-masculina-153-184-188-370078?gridPosition=A1,195240066050,https://images.lojanike.com.br/320x320/produto/camiseta-manga-curta-m-nrg-tee-CV0559-661-1-11629993493.jpg
Camiseta NikeLab Essentials Masculina,https://www.nike.com.br/camiseta-nikelab-essentials-masculina-153-184-188-370078?gridPosition=A1,195240066050,https://images.lojanike.com.br/320x320/produto/camiseta-manga-curta-m-nrg-tee-CV0559-661-1-11629993493.jpg
Camiseta NikeLab Essentials Masculina,https://www.nike.com.br/camiseta-nikelab-essentials-masculina-153-184-188-370078?gridPosition=A1,195240066050,https://images.lojanike.com.br/320x320/produto/camiseta-manga-curta-m-nrg-tee-CV0559-661-1-11629993493.jpg
Camiseta NikeLab Essentials Masculina,https://www.nike.com.br/camiseta-nikelab-essentials-masculina-153-184-188-370078?gridPosition=A1,195240066050,https://images.lojanike.com.br/320x320/produto/camiseta-manga-curta-m-nrg-tee-CV0559-661-1-11629993493.jpg
Camiseta NikeLab Essentials Masculina,https://www.nike.com.br/camiseta-nikelab-essentials-masculina-153-184-188-370078?gridPosition=A1,195240066050,https://images.lojanike.com.br/320x320/produto/camiseta-manga-curta-m-nrg-tee-CV0559-661-1-11629993493.jpg
Camiseta NikeLab Essentials Masculina,https://www.nike.com.br/camiseta-nikelab-essentials-masculina-153-184-188-370078?gridPosition=A1,195240066050,https://images.lojanike.com.br/320x320/produto/camiseta-manga-curta-m-nrg-tee-CV0559-661-1-11629993493.jpg
Camiseta NikeLab Essentials Masculina,https://www.nike.com.br/camiseta-nikelab-essentials-masculina-153-184-188-370078?gridPosition=A1,195240066050,https://images.lojanike.com.br/320x320/produto/camiseta-manga-curta-m-nrg-tee-CV0559-661-1-11629993493.jpg
Camiseta NikeLab Essentials Masculina,https://www.nike.com.br/camiseta-nikelab-essentials-masculina-153-184-188-370078?gridPosition=A1,195240066050,https://images.lojanike.com.br/320x320/produto/camiseta-manga-curta-m-nrg-tee-CV0559-661-1-11629993493.jpg
Camiseta NikeLab Essentials Masculina,https://www.nike.com.br/camiseta-nikelab-essentials-masculina-153-184-188-370078?gridPosition=A1,195240066050,https://images.lojanike.com.br/320x320/produto/camiseta-manga-curta-m-nrg-tee-CV0559-661-1-11629993493.jpg
Camiseta NikeLab Essentials Masculina,https://www.nike.com.br/camiseta-nikelab-essentials-masculina-153-184-188-370078?gridPosition=A1,195240066050,https://images.lojanike.com.br/320x320/produto/camiseta-manga-curta-m-nrg-tee-CV0559-661-1-11629993493.jpg
Camiseta NikeLab Essentials Masculina,https://www.nike.com.br/camiseta-nikelab-essentials-masculina-153-184-188-370078?gridPosition=A1,195240066050,https://images.lojanike.com.br/320x320/produto/camiseta-manga-curta-m-nrg-tee-CV0559-661-1-11629993493.jpg
Camiseta NikeLab Essentials Masculina,https://www.nike.com.br/camiseta-nikelab-essentials-masculina-153-184-188-370078?gridPosition=A1,195240066050,https://images.lojanike.com.br/320x320/produto/camiseta-manga-curta-m-nrg-tee-CV0559-661-1-11629993493.jpg
Camiseta NikeLab Essentials Masculina,https://www.nike.com.br/camiseta-nikelab-essentials-masculina-153-184-188-370078?gridPosition=A1,195240066050,https://images.lojanike.com.br/320x320/produto/camiseta-manga-curta-m-nrg-tee-CV0559-661-1-11629993493.jpg
Camiseta NikeLab Essentials Masculina,https://www.nike.com.br/camiseta-nikelab-essentials-masculina-153-184-188-370078?gridPosition=A1,195240066050,https://images.lojanike.com.br/320x320/produto/camiseta-manga-curta-m-nrg-tee-CV0559-661-1-11629993493.jpg
Camiseta NikeLab Essentials Masculina,https://www.nike.com.br/camiseta-nikelab-essentials-masculina-153-184-188-370078?gridPosition=A1,195240066050,https://images.lojanike.com.br/320x320/produto/camiseta-manga-curta-m-nrg-tee-CV0559-661-1-11629993493.jpg
Camiseta NikeLab Essentials Masculina,https://www.nike.com.br/camiseta-nikelab-essentials-masculina-153-184-188-370078?gridPosition=A1,195240066050,https://images.lojanike.com.br/320x320/produto/camiseta-manga-curta-m-nrg-tee-CV0559-661-1-11629993493.jpg
Camiseta NikeLab Essentials Masculina,https://www.nike.com.br/camiseta-nikelab-essentials-masculina-153-184-188-370078?gridPosition=A1,195240066050,https://images.lojanike.com.br/320x320/produto/camiseta-manga-curta-m-nrg-tee-CV0559-661-1-11629993493.jpg
Camiseta NikeLab Essentials Masculina,https://www.nike.com.br/camiseta-nikelab-essentials-masculina-153-184-188-370078?gridPosition=A1,195240066050,https://images.lojanike.com.br/320x320/produto/camiseta-manga-curta-m-nrg-tee-CV0559-661-1-11629993493.jpg
Camiseta NikeLab Essentials Masculina,https://www.nike.com.br/camiseta-nikelab-essentials-masculina-153-184-188-370078?gridPosition=A1,195240066050,https://images.lojanike.com.br/320x320/produto/camiseta-manga-curta-m-nrg-tee-CV0559-661-1-11629993493.jpg
Camiseta NikeLab Essentials Masculina,https://www.nike.com.br/camiseta-nikelab-essentials-masculina-153-184-188-370078?gridPosition=A1,195240066050,https://images.lojanike.com.br/320x320/produto/camiseta-manga-curta-m-nrg-tee-CV0559-661-1-11629993493.jpg
Camiseta NikeLab Essentials Masculina,https://www.nike.com.br/camiseta-nikelab-essentials-masculina-153-184-188-370078?gridPosition=A1,195240066050,https://images.lojanike.com.br/320x320/produto/camiseta-manga-curta-m-nrg-tee-CV0559-661-1-11629993493.jpg
Camiseta NikeLab Essentials Masculina,https://www.nike.com.br/camiseta-nikelab-essentials-masculina-153-184-188-370078?gridPosition=A1,195240066050,https://images.lojanike.com.br/320x320/produto/camiseta-manga-curta-m-nrg-tee-CV0559-661-1-11629993493.jpg
Camiseta NikeLab Essentials Masculina,https://www.nike.com.br/camiseta-nikelab-essentials-masculina-153-184-188-370078?gridPosition=A1,195240066050,https://images.lojanike.com.br/320x320/produto/camiseta-manga-curta-m-nrg-tee-CV0559-661-1-11629993493.jpg
Camiseta NikeLab Essentials Masculina,https://www.nike.com.br/camiseta-nikelab-essentials-masculina-153-184-188-370078?gridPosition=A1,195240066050,https://images.lojanike.com.br/320x320/produto/camiseta-manga-curta-m-nrg-tee-CV0559-661-1-11629993493.jpg
Camiseta NikeLab Essentials Masculina,https://www.nike.com.br/camiseta-nikelab-essentials-masculina-153-184-188-370078?gridPosition=A1,195240066050,https://images.lojanike.com.br/320x320/produto/camiseta-manga-curta-m-nrg-tee-CV0559-661-1-11629993493.jpg
Camiseta NikeLab Essentials Masculina,https://www.nike.com.br/camiseta-nikelab-essentials-masculina-153-184-188-370078?gridPosition=A1,195240066050,https://images.lojanike.com.br/320x320/produto/camiseta-manga-curta-m-nrg-tee-CV0559-661-1-11629993493.jpg
Camiseta NikeLab Essentials Masculina,https://www.nike.com.br/camiseta-nikelab-essentials-masculina-153-184-188-370078?gridPosition=A1,195240066050,https://images.lojanike.com.br/320x320/produto/camiseta-manga-curta-m-nrg-tee-CV0559-661-1-11629993493.jpg
Camiseta NikeLab Essentials Masculina,https://www.nike.com.br/camiseta-nikelab-essentials-masculina-153-184-188-370078?gridPosition=A1,195240066050,https://images.lojanike.com.br/320x320/produto/camiseta-manga-curta-m-nrg-tee-CV0559-661-1-11629993493.jpg
Camiseta NikeLab Essentials Masculina,https://www.nike.com.br/camiseta-nikelab-essentials-masculina-153-184-188-370078?gridPosition=A1,195240066050,https://images.lojanike.com.br/320x320/produto/camiseta-manga-curta-m-nrg-tee-CV0559-661-1-11629993493.jpg
Camiseta NikeLab Essentials Masculina,https://www.nike.com.br/camiseta-nikelab-essentials-masculina-153-184-188-370078?gridPosition=A1,195240066050,https://images.lojanike.com.br/320x320/produto/camiseta-manga-curta-m-nrg-tee-CV0559-661-1-11629993493.jpg
Camiseta NikeLab Essentials Masculina,https://www.nike.com.br/camiseta-nikelab-essentials-masculina-153-184-188-370078?gridPosition=A1,195240066050,https://images.lojanike.com.br/320x320/produto/camiseta-manga-curta-m-nrg-tee-CV0559-661-1-11629993493.jpg
Camiseta NikeLab Essentials Masculina,https://www.nike.com.br/camiseta-nikelab-essentials-masculina-153-184-188-370078?gridPosition=A1,195240066050,https://images.lojanike.com.br/320x320/produto/camiseta-manga-curta-m-nrg-tee-CV0559-661-1-11629993493.jpg
Camiseta NikeLab Essentials Masculina,https://www.nike.com.br/camiseta-nikelab-essentials-masculina-153-184-188-370078?gridPosition=A1,195240066050,https://images.lojanike.com.br/320x320/produto/camiseta-manga-curta-m-nrg-tee-CV0559-661-1-11629993493.jpg
Camiseta NikeLab Essentials Masculina,https://www.nike.com.br/camiseta-nikelab-essentials-masculina-153-184-188-370078?gridPosition=A1,195240066050,https://images.lojanike.com.br/320x320/produto/camiseta-manga-curta-m-nrg-tee-CV0559-661-1-11629993493.jpg
Camiseta NikeLab Essentials Masculina,https://www.nike.com.br/camiseta-nikelab-essentials-masculina-153-184-188-370078?gridPosition=A1,195240066050,https://images.lojanike.com.br/320x320/produto/camiseta-manga-curta-m-nrg-tee-CV0559-661-1-11629993493.jpg
Camiseta NikeLab Essentials Masculina,https://www.nike.com.br/camiseta-nikelab-essentials-masculina-153-184-188-370078?gridPosition=A1,195240066050,https://images.lojanike.com.br/320x320/produto/camiseta-manga-curta-m-nrg-tee-CV0559-661-1-11629993493.jpg
Camiseta NikeLab Essentials Masculina,https://www.nike.com.br/camiseta-nikelab-essentials-masculina-153-184-188-370078?gridPosition=A1,195240066050,https://images.lojanike.com.br/320x320/produto/camiseta-manga-curta-m-nrg-tee-CV0559-661-1-11629993493.jpg
Camiseta NikeLab Essentials Masculina,https://www.nike.com.br/camiseta-nikelab-essentials-masculina-153-184-188-370078?gridPosition=A1,195240066050,https://images.lojanike.com.br/320x320/produto/camiseta-manga-curta-m-nrg-tee-CV0559-661-1-11629993493.jpg
Camiseta NikeLab Essentials Masculina,https://www.nike.com.br/camiseta-nikelab-essentials-masculina-153-184-188-370078?gridPosition=A1,195240066050,https://images.lojanike.com.br/320x320/produto/camiseta-manga-curta-m-nrg-tee-CV0559-661-1-11629993493.jpg
Blusão NikeLab Essentials Masculino,https://www.nike.com.br/blusao-nikelab-essentials-masculino-153-184-188-370036?gridPosition=A2,195238298234,https://images.lojanike.com.br/320x320/produto/blusao-m-nrg-hoodie-flc-CV0552-245-1-11629993478.jpg
Blusão NikeLab Essentials Masculino,https://www.nike.com.br/blusao-nikelab-essentials-masculino-153-184-188-370060?gridPosition=A3,195240132113,https://images.lojanike.com.br/320x320/produto/camiseta-manga-longa-m-nrg-crew-flc-CV0554-661-1-11629993487.jpg
Shorts Nike Swoosh Masculino,https://www.nike.com.br/shorts-nike-swoosh-masculino-153-184-188-370160?gridPosition=A4,195240139037,https://images.lojanike.com.br/320x320/produto/shorts-u-nrg-solo-swoosh-short-DM4400-661-1-11629993661.jpg
Chapéu NikeLab Essentials Bucket Unissex,https://www.nike.com.br/chapeu-nikelab-essentials-bucket-unissex-153-184-188-370177?gridPosition=B1,195240128130,https://images.lojanike.com.br/320x320/produto/chapeu-u-nrg-bucket-DM8518-387-1-11629993668.jpg
Calça NikeLab Essentials Masculina,https://www.nike.com.br/calca-nikelab-essentials-masculina-153-184-188-370115?gridPosition=B2,195238298951,https://images.lojanike.com.br/320x320/produto/calca-m-nrg-pant-flc-CW5460-245-1-11629993524.jpg
Jaqueta Nike x Sacai Masculina,https://www.nike.com.br/jaqueta-nike-x-sacai-masculina-153-184-188-349946?gridPosition=B3,194494193567,https://images.lojanike.com.br/320x320/produto/jaqueta-m-nrg-ba-ni-01-ma-1-jacket-CV5732-010-1-11627399446.jpg
Blusão Nike x Sacai Masculino,https://www.nike.com.br/blusao-nike-x-sacai-masculino-153-184-188-349939?gridPosition=B4,194494193505,https://images.lojanike.com.br/320x320/produto/blusao-u-nrg-ba-ni-04-hoodie-CV5727-063-1-11627399443.jpg
Calça Nike x Sacai Masculina,https://www.nike.com.br/calca-nike-x-sacai-masculina-153-184-188-350007?gridPosition=C1,194494193734,https://images.lojanike.com.br/320x320/produto/calca-m-nrg-ba-pant-CW2187-010-1-11627399467.jpg
Agasalho NikeLab Essentials Masculino,https://www.nike.com.br/agasalho-nikelab-essentials-masculino-153-184-188-287194?gridPosition=C2,194498431061,https://images.lojanike.com.br/320x320/produto/agasalho-nikelab-essentials-masculino-CW8009-010-1.jpg
Camiseta Nike x Undercover Masculina,https://www.nike.com.br/camiseta-nike-x-undercover-masculina-153-184-188-350013?gridPosition=C3,194498431368,https://images.lojanike.com.br/320x320/produto/camiseta-nike-x-undercover-masculina-CW8014-611-1-11627414331.jpg
Shorts Nike x Off-White Unissex,https://www.nike.com.br/shorts-nike-x-off-white-unissex-153-184-188-222183?gridPosition=C4,194494184336,https://images.lojanike.com.br/320x320/produto/shorts-nike-x-off-white-unissex-CU2502-010-1-11626271690.jpg
Calça Nike x Off-White Unissex,https://www.nike.com.br/calca-nike-x-off-white-unissex-153-184-188-223500?gridPosition=D1,194494184190,https://images.lojanike.com.br/320x320/produto/calca-nike-x-off-white-unissex-CU2500-010-1-11626271679.jpg
Camiseta Nike x Off-White Masculina,https://www.nike.com.br/camiseta-nike-x-off-white-masculina-153-184-188-222165?gridPosition=D2,194494183858,https://images.lojanike.com.br/320x320/produto/camiseta-nike-x-off-white-masculina-CU2477-100-1-11626271669.jpg
Meia Nike x Off-White,https://www.nike.com.br/meia-nike-x-off-white-153-184-188-333257?gridPosition=D3,194497700526,https://images.lojanike.com.br/320x320/produto/meia-nike-x-off-white-CN5786-020-1-11626363901.jpg
Jaqueta Nike x Gyakusou Masculina,https://www.nike.com.br/jaqueta-nike-x-gyakusou-masculina-153-184-188-222063?gridPosition=D4,194272764583,https://images.lojanike.com.br/320x320/produto/jaqueta-nike-x-gyakusou-masculina-CU0103-477-1-11625229880.jpg
Camiseta Nike x Gyakusou Masculina,https://www.nike.com.br/camiseta-nike-x-gyakusou-masculina-153-184-188-222255?gridPosition=E1,194272899209,https://images.lojanike.com.br/320x320/produto/camiseta-manga-curta-m-nrg-xe-graphic-te-CU8259-477-1-11625229920.jpg
Camiseta Nike x Gyakusou Masculino,https://www.nike.com.br/camiseta-nike-x-gyakusou-masculino-153-184-188-222068?gridPosition=E2,194272764613,https://images.lojanike.com.br/320x320/produto/camiseta-manga-curta-m-nrg-xe-graphic-te-CU0104-657-1-11625229882.jpg
Shorts Nike x Gyakusou Utility Masculino,https://www.nike.com.br/shorts-nike-x-gyakusou-utility-masculino-153-184-188-222073?gridPosition=E3,194272764675,https://images.lojanike.com.br/320x320/produto/shorts-m-nrg-xe-utility-short-CU0105-477-1-11625229884.jpg
Shorts Nike x Gyakusou Woven Masculino,https://www.nike.com.br/shorts-nike-x-gyakusou-woven-masculino-153-184-188-222195?gridPosition=E4,194272899056,https://images.lojanike.com.br/320x320/produto/shorts-u-nrg-xe-woven-short-CU2649-133-1-11625229899.jpg
Mochila Nike ACG Karst Masculino,https://www.nike.com.br/mochila-nike-acg-karst-masculino-153-184-188-330719?gridPosition=F1,194956631057,https://images.lojanike.com.br/320x320/produto/mochila-nike-acg-karst-masculino-DD3393-010-1-11622648566.jpg
"Camiseta Nike ACG Dri-FIT ADV UVA ""Devastation Trail"" Masculina",https://www.nike.com.br/camiseta-nike-acg-dri-fit-adv-uva-devastation-trail-masculina-153-173-175-350065?gridPosition=F2,195238871703,https://images.lojanike.com.br/320x320/produto/camiseta-manga-longa-m-nrg-df-uv-acg-dvs-DB1013-070-1-11627399660.jpg
Calça Nike ACG Windshell Masculina,https://www.nike.com.br/calca-nike-acg-windshell-masculina-153-184-188-330347?gridPosition=F3,194957283521,https://images.lojanike.com.br/320x320/produto/calca-nike-acg-windshell-masculina-DB1134-010-1-11622648513.jpg
Camiseta Nike ACG Masculina,https://www.nike.com.br/camiseta-nike-acg-masculina-153-184-188-330479?gridPosition=F4,194957484621,https://images.lojanike.com.br/320x320/produto/camiseta-nike-acg-masculina-DC5345-121-1-11622648539.jpg
Camiseta Nike ACG License Plat Masculina,https://www.nike.com.br/camiseta-nike-acg-license-plat-masculina-153-184-188-330533?gridPosition=G1,194957485871,https://images.lojanike.com.br/320x320/produto/camiseta-nike-acg-license-plat-masculina-DC5360-121-1-11622648558.jpg
Blusão Nike ACG Masculino,https://www.nike.com.br/blusao-nike-acg-masculino-153-184-188-330465?gridPosition=G2,194957285884,https://images.lojanike.com.br/320x320/produto/blusao-nike-acg-masculino-DC1248-010-1-11622648532.jpg
Calça Nike x Kim Jones Unissex,https://www.nike.com.br/calca-nike-x-kim-jones-unissex-153-184-188-308496?gridPosition=G3,194953631746,https://images.lojanike.com.br/320x320/produto/calca-nike-x-kim-jones-unissex-DC9988-451-1.jpg
"Camiseta Nike ACG ""Watchman Peak"" Masculina",https://www.nike.com.br/camiseta-nike-acg-watchman-peak-masculina-153-184-188-328631?gridPosition=G4,194953521221,https://images.lojanike.com.br/320x320/produto/camiseta-manga-curta-m-nrg-acg-watchman-CZ4002-492-1.jpg
Mochila Nike ACG Karst,https://www.nike.com.br/mochila-nike-acg-karst-153-184-188-310757?gridPosition=H1,194498608654,https://images.lojanike.com.br/320x320/produto/mochila-nike-acg-karst-CK7510-011-1.jpg
Tênis Nike ISPA Drifter Gator Masculino,https://www.nike.com.br/tenis-nike-ispa-drifter-gator-masculino-153-184-188-207077?gridPosition=H2,193654446895,https://images.lojanike.com.br/320x320/produto/tenis-nike-ispa-drifter-gator-masculino-CI1392-100-1.png
Calça Nike ISPA Masculina,https://www.nike.com.br/calca-nike-ispa-masculina-153-184-188-208167?gridPosition=H3,193655134258,https://images.lojanike.com.br/320x320/produto/calca-nike-ispa-masculina-AR5866-484-1.jpg
Jaqueta Nike x Sacai Masculina,https://www.nike.com.br/jaqueta-nike-x-sacai-masculina-153-184-188-207558?gridPosition=H4,194272083646,https://images.lojanike.com.br/320x320/produto/jaqueta-nike-x-sacai-masculina-CW2419-010-1.jpg
Calça Nike x Undercover Masculina,https://www.nike.com.br/calca-nike-x-undercover-masculina-153-184-188-284614?gridPosition=I1,194499641698,https://images.lojanike.com.br/320x320/produto/calca-nike-x-undercover-masculina-CW8019-010-1.jpg
Jaqueta Nike x Undercover Masculina,https://www.nike.com.br/jaqueta-nike-x-undercover-masculina-153-184-188-284626?gridPosition=I2,194499641568,https://images.lojanike.com.br/320x320/produto/jaqueta-nike-x-undercover-masculina-CW8017-010-1.jpg
Tênis Nike ACG Air Nasu Gore-Tex Unissex,https://www.nike.com.br/tenis-nike-acg-air-nasu-gore-tex-unissex-153-184-188-287200?gridPosition=I3,194501146890,https://images.lojanike.com.br/320x320/produto/tenis-nike-acg-air-nasu-gore-tex-unissex-CW5924-001-1.jpg
Colete Nike ACG Masculino,https://www.nike.com.br/colete-nike-acg-masculino-153-184-188-264707?gridPosition=I4,194277698470,https://images.lojanike.com.br/320x320/produto/colete-nike-acg-masculino-CW0835-325-1.jpg
Tênis Nike Killshot OG SP Masculino,https://www.nike.com.br/tenis-nike-killshot-og-sp-masculino-153-184-188-222288?gridPosition=J1,194495910996,https://images.lojanike.com.br/320x320/produto/tenis-nike-killshot-og-sp-masculino-CU9180-101-1.jpg
Tênis Nike Daybreak SP Masculino,https://www.nike.com.br/tenis-nike-daybreak-sp-masculino-153-184-188-222758?gridPosition=J2,194495234306,https://images.lojanike.com.br/320x320/produto/tenis-nike-daybreak-sp-masculino-CZ0614-700-1.jpg
Jaqueta Nike ISPA Inflate Unissex,https://www.nike.com.br/jaqueta-nike-ispa-inflate-unissex-153-184-188-208135?gridPosition=J3,193655132162,https://images.lojanike.com.br/320x320/produto/jaqueta-nike-ispa-inflate-unissex-AO0815-100-1.jpg
Regata Nike x Pigalle Masculina,https://www.nike.com.br/regata-nike-x-pigalle-masculina-153-184-188-189534?gridPosition=J4,193150501821,https://images.lojanike.com.br/320x320/produto/regata-nike-x-pigalle-masculina-CI9951-547-1.jpg
Shorts Nike x Pigalle Masculino,https://www.nike.com.br/shorts-nike-x-pigalle-masculino-153-184-188-189536?gridPosition=K1,193150501906,https://images.lojanike.com.br/320x320/produto/shorts-nike-x-pigalle-masculino-CI9952-063-1.jpg
Calça Nike x Skepta Masculina,https://www.nike.com.br/calca-nike-x-skepta-masculina-153-184-188-223696?gridPosition=K2,193659968637,https://images.lojanike.com.br/320x320/produto/nike-x-skepta-CU9762-010-1.jpg
Jaquetas & Moletons Nike x Skepta Masculino,https://www.nike.com.br/jaquetas-moletons-nike-x-skepta-masculino-153-184-188-264487?gridPosition=K3,194272896369,https://images.lojanike.com.br/320x320/produto/nike-x-skepta-CU9743-010-1.jpg
Colete Nike iSPA Unissex,https://www.nike.com.br/colete-nike-ispa-unissex-153-184-188-296885?gridPosition=K4,194499332992,https://images.lojanike.com.br/320x320/produto/colete-u-nrg-ispa-utility-vest-CZ3209-205-1-11623849532.jpg
Jaqueta Nike x Undercover Masculina,https://www.nike.com.br/jaqueta-nike-x-undercover-masculina-153-184-188-284584?gridPosition=L1,194499641919,https://images.lojanike.com.br/320x320/produto/nike-x-undercover-CW8021-382-1.jpg
Calça Nike iSPA Masculina,https://www.nike.com.br/calca-nike-ispa-masculina-153-184-188-284570?gridPosition=L2,194500707924,https://images.lojanike.com.br/320x320/produto/calca-m-nrg-ispa-adjustable-pant-CZ3189-033-1-11623849527.jpg
Jaqueta Nike iSPA Masculina,https://www.nike.com.br/jaqueta-nike-ispa-masculina-153-184-188-330720?gridPosition=L3,194958362911,https://images.lojanike.com.br/320x320/produto/jaqueta-m-nrg-ispa-packable-jkt-DD3798-320-1-11623849549.jpg
Camiseta Nike x Off-White Feminina,https://www.nike.com.br/camiseta-nike-x-off-white-feminina-1-37-41-222177?gridPosition=A1,194494184176,https://images.lojanike.com.br/320x320/produto/camiseta-nike-x-off-white-feminina-CU2481-010-1-11626271674.jpg
Legging Nike x Off-White Feminina,https://www.nike.com.br/legging-nike-x-off-white-feminina-1-37-41-222171?gridPosition=A2,194494184114,https://images.lojanike.com.br/320x320/produto/legging-nike-x-off-white-feminina-CU2480-010-1-11626271670.jpg
Camiseta NikeLab Essentials Feminina,https://www.nike.com.br/camiseta-nikelab-essentials-feminina-1-37-41-370090?gridPosition=A4,195240138771,https://images.lojanike.com.br/320x320/produto/camiseta-manga-curta-w-nrg-tee-CV0560-387-1-11629993497.jpg
Calça NikeLab Essentials Feminina,https://www.nike.com.br/calca-nikelab-essentials-feminina-1-37-41-370121?gridPosition=B2,195238299149,https://images.lojanike.com.br/320x320/produto/calca-w-nrg-flc-pant-CW5565-245-1-11629993527.jpg
Saia Nike x Sacai Feminina,https://www.nike.com.br/saia-nike-x-sacai-feminina-1-37-41-349907?gridPosition=B4,194494193123,https://images.lojanike.com.br/320x320/produto/saia-w-nrg-ba-ni-05-skirt-CV5713-010-1-11627399426.jpg
Camiseta Nike x Sacai Feminina,https://www.nike.com.br/camiseta-nike-x-sacai-feminina-1-37-41-349922?gridPosition=C1,194494193277,https://images.lojanike.com.br/320x320/produto/camiseta-manga-curta-w-nrg-ba-ni-06-top-CV5716-063-1-11627399435.jpg
Jaqueta Nike x Sacai Feminina,https://www.nike.com.br/jaqueta-nike-x-sacai-feminina-1-37-41-349897?gridPosition=C2,194494192973,https://images.lojanike.com.br/320x320/produto/blusao-w-nrg-ba-ni-01-jacket-CV5686-010-1-11627399418.jpg
Legging Nike x Sacai Feminina,https://www.nike.com.br/legging-nike-x-sacai-feminina-1-37-41-349902?gridPosition=C3,194494193079,https://images.lojanike.com.br/320x320/produto/calca-w-nrg-ba-ni-04-tight-CV5710-010-1-11627399423.jpg
Top Nike x Sacai Feminino,https://www.nike.com.br/top-nike-x-sacai-feminino-1-37-41-349927?gridPosition=C4,194494193321,https://images.lojanike.com.br/320x320/produto/camiseta-sem-manga-w-nrg-ba-ni-03-crop-t-CV5722-010-1-11627399437.jpg
Top Cropped Nike x AMBUSH Feminina,https://www.nike.com.br/top-cropped-nike-x-ambush-feminina-1-37-41-222484?gridPosition=D1,194274908992,https://images.lojanike.com.br/320x320/produto/camiseta-manga-curta-w-nrg-hf-crop-top-CV0548-693-1.jpg
Shorts Nike x Gyakusou Feminino,https://www.nike.com.br/shorts-nike-x-gyakusou-feminino-1-37-41-222083?gridPosition=D4,194274615739,https://images.lojanike.com.br/320x320/produto/shorts-w-nrg-xe-holoknit-short-CU0224-498-1-11625229892.jpg
Top Nike x Gyakusou Feminino,https://www.nike.com.br/top-nike-x-gyakusou-feminino-1-37-41-222088?gridPosition=E1,194274615814,https://images.lojanike.com.br/320x320/produto/camiseta-manga-curta-w-nrg-xe-holoknit-t-CU0783-498-1-11625229896.jpg
Calça Nike ACG New Sands Feminina,https://www.nike.com.br/calca-nike-acg-new-sands-feminina-1-37-41-330378?gridPosition=E2,194957284849,https://images.lojanike.com.br/320x320/produto/calca-w-nrg-df-acg-nwsnds-pnt-DB1230-010-1.jpg
Shorts Nike ACG Oversized Feminino,https://www.nike.com.br/shorts-nike-acg-oversized-feminino-1-26-28-350575?gridPosition=E3,195238883355,https://images.lojanike.com.br/320x320/produto/shorts-w-nrg-acg-short-os-DH8350-657-1-11627399993.jpg
Jaqueta Nike ACG Windbreaker Feminina,https://www.nike.com.br/jaqueta-nike-acg-windbreaker-feminina-1-37-41-330451?gridPosition=E4,194957285686,https://images.lojanike.com.br/320x320/produto/jaqueta-nike-acg-windbreaker-feminina-DC1245-010-1-11622648524.jpg
Camiseta Nike ACG Dolphin Feminina,https://www.nike.com.br/camiseta-nike-acg-dolphin-feminina-1-37-41-330798?gridPosition=F1,194957510177,https://images.lojanike.com.br/320x320/produto/camiseta-manga-curta-w-nrg-acg-ss-tee-do-DH4047-121-1.jpg
Saia Nike ACG Trail Feminina,https://www.nike.com.br/saia-nike-acg-trail-feminina-1-37-41-330362?gridPosition=F2,194955717622,https://images.lojanike.com.br/320x320/produto/saia-nike-acg-trail-feminina-DB1199-010-1-11622648517.jpg
Calça NikeLab Essentials Feminina,https://www.nike.com.br/calca-nikelab-essentials-feminina-1-37-41-329787?gridPosition=F4,194954965598,https://images.lojanike.com.br/320x320/produto/calca-w-nrg-track-pant-CQ4003-010-1.jpg
Jaqueta Nike x Sacai Feminina,https://www.nike.com.br/jaqueta-nike-x-sacai-feminina-1-37-41-207263?gridPosition=G1,193654797317,https://images.lojanike.com.br/320x320/produto/jaqueta-nike-x-sacai-feminina-CT3267-043-1.jpg
Jaqueta Nike x Sacai Masculina,https://www.nike.com.br/jaqueta-nike-x-sacai-masculina-1-37-41-207269?gridPosition=G2,193154427738,https://images.lojanike.com.br/320x320/produto/jaqueta-nike-x-sacai-masculina-CT3269-010-1.jpg
Legging Nike ACG Feminina,https://www.nike.com.br/legging-nike-acg-feminina-1-37-41-221670?gridPosition=H1,194272287006,https://images.lojanike.com.br/320x320/produto/legging-nike-acg-feminina-CK6872-470-1.jpg
Camiseta Nike x MMW Feminina,https://www.nike.com.br/camiseta-nike-x-mmw-feminina-1-37-41-221893?gridPosition=H4,194272898219,https://images.lojanike.com.br/320x320/produto/blusao-nike-essentials-masculino-CT1053-010-1-11621433185.jpg
Calça Nike iSPA Feminina,https://www.nike.com.br/calca-nike-ispa-feminina-1-37-41-284118?gridPosition=I1,194500708242,https://images.lojanike.com.br/320x320/produto/calca-w-nrg-ispa-pant-DB7581-045-1-11623849544.jpg
Legging Nike x MMW Feminina,https://www.nike.com.br/legging-nike-x-mmw-feminina-1-37-41-221899?gridPosition=I2,194272898271,https://images.lojanike.com.br/320x320/produto/legging-nike-x-mmw-feminina-CT1058-010-1-11621433190.jpg
