Women's Dunk High UpVarsity Maize,https://www.nike.com.br/womenx27s-dunk-high-up-1-16-210-345623,Comprar,https://images.lojanike.com.br/site/ni/images/transparent-1x1.gif
Women's Dunk High UpSummit White,https://www.nike.com.br/womenx27s-dunk-high-up-1-16-210-345593,Comprar,https://images.lojanike.com.br/site/ni/images/transparent-1x1.gif
LEBRON XVIII LOWDaughters,https://www.nike.com.br/lebron-xviii-low-153-169-211-349952,Comprar,https://images.lojanike.com.br/site/ni/images/transparent-1x1.gif
Dunk Low x UNDEFEATED5 On It,https://www.nike.com.br/dunk-low-x-undefeated-153-169-211-350921,Esgotado,https://images.lojanike.com.br/site/ni/images/transparent-1x1.gif
Air Force 1 x UNDEFEATED5 On It,https://www.nike.com.br/air-force-1-x-undefeated-153-169-211-350829,Comprar,https://images.lojanike.com.br/site/ni/images/transparent-1x1.gif
Women's Dunk LowLight Soft Pink,https://www.nike.com.br/womens-dunk-low-1-16-210-341286,Esgotado,https://images.lojanike.com.br/site/ni/images/transparent-1x1.gif
Air Jordan 13Obsidian,https://www.nike.com.br/air-jordan-13-153-169-211-332007,Comprar,https://images.lojanike.com.br/site/ni/images/transparent-1x1.gif
Women's Dunk HighLemon Twist,https://www.nike.com.br/womens-dunk-high-1-16-210-341455,Esgotado,https://images.lojanike.com.br/500x500/produto/tenis-w-nike-dunk-high-DD1869-108-1-11624383752.jpg
LDWaffle x SACAI x CLOTOrange Blaze,https://www.nike.com.br/ldwaffle-x-sacai-x-clot-153-169-211-350263,Esgotado,https://images.lojanike.com.br/500x500/produto/tenis-nike-ldwaffle-s-c-DH1347-100-1-11630421016.jpg
KD14Ron English 1,https://www.nike.com.br/kd14-153-169-211-350895,Comprar,https://images.lojanike.com.br/500x500/produto/tenis-kd14-DO6903-400-1-11629381493.jpg
NIKE DRIFTER ISPANTRL,https://www.nike.com.br/nike-drifter-ispa-153-169-211-350019,Comprar,https://images.lojanike.com.br/500x500/produto/tenis-nike-drifter-ispa-ntrl-CZ0238-100-1-11629381241.jpg
ISPA Flow 2020 SEBlack Iron,https://www.nike.com.br/ispa-flow-2020-se-153-169-211-349197,Comprar,https://images.lojanike.com.br/500x500/produto/tenis-nike-flow-2020-ispa-se-CW3045-300-1-11630590830.jpg
AJKO 1Storm Blue,https://www.nike.com.br/ajko-1-153-169-211-348322,Esgotado,https://images.lojanike.com.br/500x500/produto/ajko-1-DO5047-401-1-11629381483.jpg
W NIKE DUNK LOWLight Bone,https://www.nike.com.br/w-nike-dunk-low-1-16-210-341271,Esgotado,https://images.lojanike.com.br/site/ni/images/transparent-1x1.gif
NIKE DUNK HI PRM EMBCollege Navy,https://www.nike.com.br/nike-dunk-hi-prm-emb-153-169-211-345278,Comprar,https://images.lojanike.com.br/site/ni/images/transparent-1x1.gif
AIR JORDAN 1 RETRO HIGH OG PROPrototype,https://www.nike.com.br/air-jordan-1-retro-high-og-pro-153-169-211-340554,Esgotado,https://images.lojanike.com.br/site/ni/images/transparent-1x1.gif
AIR FORCE 1 \'07 LV8 EMBWhite and Court Purple,https://www.nike.com.br/air-force-1-07-lv8-emb-153-169-211-339053,Comprar,https://images.lojanike.com.br/site/ni/images/transparent-1x1.gif
BLUSÃO NIKE BETRUEBeTrue,https://www.nike.com.br/blusao-nike-betrue-153-169-211-330903,Comprar,https://images.lojanike.com.br/site/ni/images/transparent-1x1.gif
AIR JORDAN 4 RETRO WOMENSSHIMMER,https://www.nike.com.br/air-jordan-4-retro-womens-1-16-210-346235,Esgotado,https://images.lojanike.com.br/site/ni/images/transparent-1x1.gif
NIKE DUNK LOW SCRAPARCHEO BROWN,https://www.nike.com.br/nike-dunk-low-scrap-153-169-211-339105,Esgotado,https://images.lojanike.com.br/site/ni/images/transparent-1x1.gif
NIKE DUNK LOW SCRAPSEA GLASS,https://www.nike.com.br/nike-dunk-low-scrap-153-169-211-339088,Esgotado,https://images.lojanike.com.br/site/ni/images/transparent-1x1.gif
AIR JORDAN 1 HIGH WOMENS CMFTLEMON TWIST,https://www.nike.com.br/air-jordan-1-high-womens-cmft-1-16-210-326196,Esgotado,https://images.lojanike.com.br/site/ni/images/transparent-1x1.gif
Nike Dunk Hi RetroMidnight Navy,https://www.nike.com.br/nike-dunk-hi-retro-153-169-211-341249,Esgotado,https://images.lojanike.com.br/site/ni/images/transparent-1x1.gif
Nike Dunk Low RetroUNIVERSTY RED,https://www.nike.com.br/nike-dunk-low-retro-153-169-211-341232,Comprar,https://images.lojanike.com.br/site/ni/images/transparent-1x1.gif
Nike Dunk Low RetroGeorgetown,https://www.nike.com.br/nike-dunk-low-retro-153-169-211-341215,Esgotado,https://images.lojanike.com.br/site/ni/images/transparent-1x1.gif
Air Force 1 LuxePecan,https://www.nike.com.br/air-force-1-luxe-153-169-211-339616,Comprar,https://images.lojanike.com.br/site/ni/images/transparent-1x1.gif
Air Force 1 LuxeBlack Gum,https://www.nike.com.br/air-force-1-luxe-153-169-211-339599,Comprar,https://images.lojanike.com.br/site/ni/images/transparent-1x1.gif
AM FURYOSA NRG Silver Black,https://www.nike.com.br/am-furyosa-nrg-1-16-210-330547,Comprar,https://images.lojanike.com.br/site/ni/images/transparent-1x1.gif
Nike Dunk Low RetroWHITE BLACK,https://www.nike.com.br/nike-dunk-low-retro-153-169-211-303045,Esgotado,https://images.lojanike.com.br/site/ni/images/transparent-1x1.gif
Air Jordan 1 Hi FlyEaseFlyEase,https://www.nike.com.br/air-jordan-1-hi-flyease-153-169-211-333331,Esgotado,https://images.lojanike.com.br/site/ni/images/transparent-1x1.gif
Nike SB Dunk Low ProLaser Blue,https://www.nike.com.br/nike-sb-dunk-low-pro-513-514-515-332731,Esgotado,https://images.lojanike.com.br/site/ni/images/transparent-1x1.gif
Nike Flow 2020 ISPAFlow 2020 ISPA,https://www.nike.com.br/nike-flow-2020-ispa-153-169-211-350772,Comprar,https://images.lojanike.com.br/500x500/produto/tenis-nike-flow-2020-ispa-DM2832-001-1-11629211660.jpg
LeBron 8Space Jam,https://www.nike.com.br/lebron-8-153-169-211-350083,Comprar,https://images.lojanike.com.br/500x500/produto/tenis-nike-lebron-viii-qs-2-DB1732-001-1-11627399674.jpg
Air Jordan 4 RetroLightning,https://www.nike.com.br/air-jordan-4-retro-153-169-211-333825,Esgotado,https://images.lojanike.com.br/site/ni/images/transparent-1x1.gif
Dunk Low99 BLACK,https://www.nike.com.br/dunk-low-153-169-211-322971,Comprar,https://images.lojanike.com.br/site/ni/images/transparent-1x1.gif
Nike SB Dunk Low ProRed Plum,https://www.nike.com.br/nike-sb-dunk-low-pro-513-514-515-332751,Esgotado,https://images.lojanike.com.br/site/ni/images/transparent-1x1.gif
Air Jordan 1 LowStarfish,https://www.nike.com.br/air-jordan-1-low-153-169-211-336143,Esgotado,https://images.lojanike.com.br/site/ni/images/transparent-1x1.gif
Women\'s Air Jordan 1 LowStarfish,https://www.nike.com.br/womens-air-jordan-1-low-1-16-210-336128,Esgotado,https://images.lojanike.com.br/site/ni/images/transparent-1x1.gif
Dunk LowBlack Multi-Camo,https://www.nike.com.br/dunk-low-153-169-211-345295,Comprar,https://images.lojanike.com.br/site/ni/images/transparent-1x1.gif
Dunk LowCider,https://www.nike.com.br/dunk-low-153-169-211-345246,Comprar,https://images.lojanike.com.br/site/ni/images/transparent-1x1.gif
Dunk HighLight Chocolate,https://www.nike.com.br/dunk-high-153-169-211-345821,Esgotado,https://images.lojanike.com.br/site/ni/images/transparent-1x1.gif
Kobe 6 ProtroWhite Del Sol,https://www.nike.com.br/kobe-6-protro-513-514-515-324266,Esgotado,https://images.lojanike.com.br/site/ni/images/transparent-1x1.gif
Air Force 1 '07 x Space Jam: A New LegacyTune Squad,https://www.nike.com.br/air-force-1-07-x-space-jam-a-new-legacy-153-169-211-347694,Comprar,https://images.lojanike.com.br/site/ni/images/transparent-1x1.gif
CAMISETA MANGA CURTA BETRUEBeTrue,https://www.nike.com.br/camiseta-manga-curta-betrue-153-169-211-330894,Comprar,https://images.lojanike.com.br/site/ni/images/transparent-1x1.gif
Air Jordan 12Red Metallic,https://www.nike.com.br/air-jordan-12-153-169-211-326254,Comprar,https://images.lojanike.com.br/site/ni/images/transparent-1x1.gif
Air Jordan 5Moonlight,https://www.nike.com.br/air-jordan-5-153-169-211-326228,Esgotado,https://images.lojanike.com.br/site/ni/images/transparent-1x1.gif
Dunk High 1985Red Acid Wash,https://www.nike.com.br/dunk-high-1985-153-169-211-350219,Comprar,https://images.lojanike.com.br/site/ni/images/transparent-1x1.gif
Women's Air Force 1 Fontanka White Yellow,https://www.nike.com.br/womens-air-force-1-fontanka-1-16-210-338095,Comprar,https://images.lojanike.com.br/site/ni/images/transparent-1x1.gif
Dunk High 1985Black Acid Wash,https://www.nike.com.br/dunk-high-1985-153-169-211-350241,Comprar,https://images.lojanike.com.br/500x500/produto/tenis-nike-dunk-hi-1985-sp-DD9404-700-1-11628003814.jpg
Dunk LowSail Multi-Camo,https://www.nike.com.br/dunk-low-513-514-515-345312,Comprar,https://images.lojanike.com.br/500x500/produto/tenis-nike-dunk-low-se-DH0957-100-1-11625585262.jpg
Women's Air Force 1 Fontanka Foam Pink,https://www.nike.com.br/womens-air-force-1-fontanka-1-16-210-338110,Esgotado,https://images.lojanike.com.br/500x500/produto/tenis-w-air-force-1-fontanka-DA7024-600-1-11621540896.jpg
Air Max 95Smoke Grey,https://www.nike.com.br/air-max-95-153-169-211-350581,Comprar,https://images.lojanike.com.br/500x500/produto/tenis-nike-air-max-95-qs-DH9792-100-1-11627400015.jpg
Women's Air Jordan 1 High OgSeafoam,https://www.nike.com.br/womens-air-jordan-1-high-og-1-16-210-332974,Esgotado,https://images.lojanike.com.br/500x500/produto/tenis-wmns-air-jordan-1-high-og-CD0461-002-1-11621539675.jpg
Air Max 90Laser,https://www.nike.com.br/air-max-90-153-169-211-350397,Comprar,https://images.lojanike.com.br/site/ni/images/transparent-1x1.gif
Women's Lahar LowFossil Stone,https://www.nike.com.br/womens-lahar-low-1-16-210-339726,Comprar,https://images.lojanike.com.br/site/ni/images/transparent-1x1.gif
Dunk High x AMBUSHFlash Lime,https://www.nike.com.br/dunk-high-x-ambush-513-514-515-349627,Esgotado,https://images.lojanike.com.br/site/ni/images/transparent-1x1.gif
Air Max 96 IIDark Denim,https://www.nike.com.br/air-max-96-ii-153-169-211-331222,Comprar,https://images.lojanike.com.br/site/ni/images/transparent-1x1.gif
Air Max 96 IIBeach,https://www.nike.com.br/air-max-96-ii-153-169-211-331200,Comprar,https://images.lojanike.com.br/site/ni/images/transparent-1x1.gif
KD14Basketball Shoe,https://www.nike.com.br/kd14-513-514-515-324352,Comprar,https://images.lojanike.com.br/site/ni/images/transparent-1x1.gif
SB Dunk High ProMaize and Black,https://www.nike.com.br/sb-dunk-high-pro-513-514-515-339298,Esgotado,https://images.lojanike.com.br/site/ni/images/transparent-1x1.gif
Air Force 1 \'07 x Space Jam: A New LegacyComputer Chip,https://www.nike.com.br/air-force-1-07-x-space-jam-a-new-legacy-153-169-211-345843,Comprar,https://images.lojanike.com.br/site/ni/images/transparent-1x1.gif
Dunk Low Infantil (24-33)Black and White,https://www.nike.com.br/dunk-low-infantil-24-33-67-80-445-295183,Esgotado,https://images.lojanike.com.br/site/ni/images/transparent-1x1.gif
Air Jordan 1 Retro High BoysElectro Orange,https://www.nike.com.br/air-jordan-1-retro-high-boys-153-169-211-332182,Esgotado,https://images.lojanike.com.br/site/ni/images/transparent-1x1.gif
Air Jordan 3 RetroRacer Blue,https://www.nike.com.br/air-jordan-3-retro-153-169-211-326273,Comprar,https://images.lojanike.com.br/site/ni/images/transparent-1x1.gif
LeBron 18 Low Sylvester vs. Tweety,https://www.nike.com.br/lebron-18-low-263-508-511-335031,Comprar,https://images.lojanike.com.br/site/ni/images/transparent-1x1.gif
LeBron 18 Low Wile E. vs. Roadrunner,https://www.nike.com.br/lebron-18-low-263-508-511-326355,Comprar,https://images.lojanike.com.br/site/ni/images/transparent-1x1.gif
LeBron 18 Low Bugs vs. Marvin,https://www.nike.com.br/lebron-18-low-263-508-511-326329,Comprar,https://images.lojanike.com.br/site/ni/images/transparent-1x1.gif
Nike ZoomX Vaporfly Next% x GyakusouRunning Shoe,https://www.nike.com.br/nike-zoomx-vaporfly-next-x-gyakusou-263-508-511-221985,Comprar,https://images.lojanike.com.br/site/ni/images/transparent-1x1.gif
Zoom Freak 3Freak,https://www.nike.com.br/zoom-freak-3-513-514-515-349431,Comprar,https://images.lojanike.com.br/500x500/produto/tenis-zoom-freak-3-DA0694-600-1-11625765875.jpg
Dunk High x Fragment designBlack,https://www.nike.com.br/dunk-high-x-fragment-design-67-80-445-331125,Comprar,https://images.lojanike.com.br/site/ni/images/transparent-1x1.gif
Air Jordan 5Orange Blaze,https://www.nike.com.br/air-jordan-5-153-169-211-340189,Comprar,https://images.lojanike.com.br/500x500/produto/tenis-air-jordan-5-retro-masculino-DC1060-100-1-11631631607.jpg
NOCTA GOLFM NRG TRACK JACKET,https://www.nike.com.br/nocta-golf-153-169-211-350794,Avise-me,https://images.lojanike.com.br/500x500/produto/jaqueta-m-nrg-bk-fz-track-jacket-DM7295-133-1-11631631680.jpg
NOCTA GOLFNRG H86 CAP,https://www.nike.com.br/nocta-golf-153-169-211-350771,Avise-me,https://images.lojanike.com.br/500x500/produto/bone-u-nrg-bk-h86-cap-DM0770-010-1-11631631678.jpg
NOCTA GOLFM NRG WOVEN JACKET,https://www.nike.com.br/nocta-golf-153-169-211-350750,Avise-me,https://images.lojanike.com.br/500x500/produto/jaqueta-m-nrg-bk-woven-jacket-DJ5586-012-1-11631631666.jpg
NOCTA GOLFM NRG WOVEN VEST,https://www.nike.com.br/nocta-golf-153-169-211-350728,Avise-me,https://images.lojanike.com.br/500x500/produto/colete-m-nrg-bk-woven-vest-DJ5582-010-1-11631631656.jpg
NOCTA GOLFM NRG PRINTED POLO,https://www.nike.com.br/nocta-golf-153-169-211-350717,Avise-me,https://images.lojanike.com.br/500x500/produto/camisa-polo-m-nrg-bk-printed-polo-DJ5578-010-1-11631631650.jpg
Women's Dunk Low Next NatureSail,https://www.nike.com.br/womenx27s-dunk-low-next-nature-1-16-210-341492,Avise-me,https://images.lojanike.com.br/500x500/produto/tenis-w-nike-dunk-low-better-DD1873-101-1-11628003791.jpg
Women's Dunk Low Next NaturePale Coral,https://www.nike.com.br/womenx27s-dunk-low-next-nature-1-16-210-341470,Avise-me,https://images.lojanike.com.br/500x500/produto/tenis-w-nike-dunk-low-better-DD1873-100-1-11628003779.jpg
Air Tuned MaxBlackout,https://www.nike.com.br/air-tuned-max-153-169-211-340737,Avise-me,https://images.lojanike.com.br/500x500/produto/tenis-air-tuned-max-DC9288-002-1-11621541418.jpg
Air More UptempoCool Grey and Midnight Navy,https://www.nike.com.br/air-more-uptempo-153-169-211-332241,Avise-me,https://images.lojanike.com.br/500x500/produto/tenis-air-more-uptempo-96-921948-003-1-11621539439.jpg
Air PrestoMulti-Color Storm,https://www.nike.com.br/air-presto-153-169-211-348634,Avise-me,https://images.lojanike.com.br/500x500/produto/tenis-nike-air-presto-DM9554-900-1-11628873196.jpg
Air PrestoOrange,https://www.nike.com.br/air-presto-153-169-211-333755,Avise-me,https://images.lojanike.com.br/500x500/produto/tenis-nike-air-presto-CT3550-800-1-11624544462.jpg
SB Dunk HighGundam,https://www.nike.com.br/sb-dunk-high-513-514-515-350533,Avise-me,https://images.lojanike.com.br/500x500/produto/tenis-nike-sb-dunk-high-pro-qs-DH7717-100-1-11631631628.jpg
Air Max BWPersian Violet,https://www.nike.com.br/air-max-bw-153-169-211-347396,Avise-me,https://images.lojanike.com.br/500x500/produto/tenis-air-max-bw-og-DJ6124-001-1-11621543258.jpg
Air Max 97Persian Violet,https://www.nike.com.br/air-max-97-153-169-211-346250,Avise-me,https://images.lojanike.com.br/500x500/produto/tenis-nike-air-max-97-DJ0717-001-1-11621542953.jpg
Women's Air HuaracheMagenta,https://www.nike.com.br/womens-air-huarache-1-16-210-345747,Avise-me,https://images.lojanike.com.br/500x500/produto/tenis-w-nike-air-huarache-DH4439-101-1-11621542829.jpg
Air HuaracheAquatone,https://www.nike.com.br/air-huarache-153-169-211-341079,Avise-me,https://images.lojanike.com.br/500x500/produto/tenis-nike-air-huarache-DD1068-103-1-11621955126.jpg
Air Max 97 Disponível às 27/09 às 10:00,https://www.nike.com.br/air-max-97-153-169-211-346250,Avise-me,https://images.lojanike.com.br/500x500/produto/tenis-nike-air-max-97-DJ0717-001-1-11621542953.jpg
Air Max BW Disponível às 27/09 às 10:00,https://www.nike.com.br/air-max-bw-153-169-211-347396,Avise-me,https://images.lojanike.com.br/500x500/produto/tenis-air-max-bw-og-DJ6124-001-1-11621543258.jpg
Air Huarache Disponível às 27/09 às 10:00,https://www.nike.com.br/air-huarache-153-169-211-341079,Avise-me,https://images.lojanike.com.br/500x500/produto/tenis-nike-air-huarache-DD1068-103-1-11621955126.jpg
Women's Air Huarache Disponível às 27/09 às 10:00,https://www.nike.com.br/womens-air-huarache-1-16-210-345747,Avise-me,https://images.lojanike.com.br/500x500/produto/tenis-w-nike-air-huarache-DH4439-101-1-11621542829.jpg
SB Dunk High Disponível às 27/09 às 10:00,https://www.nike.com.br/sb-dunk-high-513-514-515-350533,Avise-me,https://images.lojanike.com.br/500x500/produto/tenis-nike-sb-dunk-high-pro-qs-DH7717-100-1-11631631628.jpg
Air Presto Disponível às 28/09 às 10:00,https://www.nike.com.br/air-presto-153-169-211-348634,Avise-me,https://images.lojanike.com.br/500x500/produto/tenis-nike-air-presto-DM9554-900-1-11628873196.jpg
Air Tuned Max Disponível às 30/09 às 10:00,https://www.nike.com.br/air-tuned-max-153-169-211-340737,Avise-me,https://images.lojanike.com.br/500x500/produto/tenis-air-tuned-max-DC9288-002-1-11621541418.jpg
Women's Dunk Low Next Nature Disponível às 30/09 às 10:00,https://www.nike.com.br/womenx27s-dunk-low-next-nature-1-16-210-341470,Avise-me,https://images.lojanike.com.br/500x500/produto/tenis-w-nike-dunk-low-better-DD1873-100-1-11628003779.jpg
Air More Uptempo Disponível às 30/09 às 10:00,https://www.nike.com.br/air-more-uptempo-153-169-211-332241,Avise-me,https://images.lojanike.com.br/500x500/produto/tenis-air-more-uptempo-96-921948-003-1-11621539439.jpg
NOCTA GOLF Disponível às 30/09 às 10:00,https://www.nike.com.br/nocta-golf-153-169-211-350717,Avise-me,https://images.lojanike.com.br/500x500/produto/camisa-polo-m-nrg-bk-printed-polo-DJ5578-010-1-11631631650.jpg
SB Dunk HighGundam,https://www.nike.com.br/sb-dunk-high-513-514-515-350533,Comprar,https://images.lojanike.com.br/500x500/produto/tenis-nike-sb-dunk-high-pro-qs-DH7717-100-1-11631631628.jpg
Air Max BWPersian Violet,https://www.nike.com.br/air-max-bw-153-169-211-347396,Comprar,https://images.lojanike.com.br/500x500/produto/tenis-air-max-bw-og-DJ6124-001-1-11621543258.jpg
Air Max 97Persian Violet,https://www.nike.com.br/air-max-97-153-169-211-346250,Comprar,https://images.lojanike.com.br/500x500/produto/tenis-nike-air-max-97-DJ0717-001-1-11621542953.jpg
Women's Air HuaracheMagenta,https://www.nike.com.br/womens-air-huarache-1-16-210-345747,Comprar,https://images.lojanike.com.br/500x500/produto/tenis-w-nike-air-huarache-DH4439-101-1-11621542829.jpg
Air HuaracheAquatone,https://www.nike.com.br/air-huarache-153-169-211-341079,Comprar,https://images.lojanike.com.br/500x500/produto/tenis-nike-air-huarache-DD1068-103-1-11621955126.jpg
Air Max 97 Disponível às 27/09 às 10:00,https://www.nike.com.br/air-max-97-153-169-211-346250,Comprar,https://images.lojanike.com.br/500x500/produto/tenis-nike-air-max-97-DJ0717-001-1-11621542953.jpg
Air Max BW Disponível às 27/09 às 10:00,https://www.nike.com.br/air-max-bw-153-169-211-347396,Comprar,https://images.lojanike.com.br/500x500/produto/tenis-air-max-bw-og-DJ6124-001-1-11621543258.jpg
Air Huarache Disponível às 27/09 às 10:00,https://www.nike.com.br/air-huarache-153-169-211-341079,Comprar,https://images.lojanike.com.br/500x500/produto/tenis-nike-air-huarache-DD1068-103-1-11621955126.jpg
Women's Air Huarache Disponível às 27/09 às 10:00,https://www.nike.com.br/womens-air-huarache-1-16-210-345747,Comprar,https://images.lojanike.com.br/500x500/produto/tenis-w-nike-air-huarache-DH4439-101-1-11621542829.jpg
SB Dunk High Disponível às 27/09 às 10:00,https://www.nike.com.br/sb-dunk-high-513-514-515-350533,Comprar,https://images.lojanike.com.br/500x500/produto/tenis-nike-sb-dunk-high-pro-qs-DH7717-100-1-11631631628.jpg
Air Jordan 1 Retro HighElectro Orange,https://www.nike.com.br/air-jordan-1-retro-high-153-169-211-326118,Esgotado,https://images.lojanike.com.br/500x500/produto/tenis-air-jordan-1-retro-high-og-555088-180-1.jpg
Air Jordan 1 Retro HighElectro Orange,https://www.nike.com.br/air-jordan-1-retro-high-153-169-211-326118,Comprar,https://images.lojanike.com.br/500x500/produto/tenis-air-jordan-1-retro-high-og-555088-180-1.jpg
Kobe 6 ProtroWhite Del Sol,https://www.nike.com.br/kobe-6-protro-513-514-515-324266,Comprar,https://images.lojanike.com.br/500x500/produto/tenis-kobe-vi-protro-CW2190-100-1.jpg
Nike SB Dunk Low ProLaser Blue,https://www.nike.com.br/nike-sb-dunk-low-pro-513-514-515-332750,Comprar,https://images.lojanike.com.br/320x320/produto/tenis-nike-sb-dunk-low-pro-BQ6817-101-1-11624978768.jpg
ISPA Flow 2020Desert Sand,https://www.nike.com.br/ispa-flow-2020-153-169-211-331357,Comprar,https://images.lojanike.com.br/500x500/produto/ispa-flow-2020-DM2830-200-1-11623939133.jpg
Air Jordan 1 Low OGNeutral Grey,https://www.nike.com.br/air-jordan-1-low-og-153-169-211-315618,Esgotado,https://images.lojanike.com.br/500x500/produto/tenis-air-jordan-1-low-og-CZ0790-100-1.jpg
Air Jordan 7Paris Saint-Germain,https://www.nike.com.br/air-jordan-7-153-169-211-315592,Comprar,https://images.lojanike.com.br/500x500/produto/tenis-air-jordan-7-retro-bcfc-CZ0789-105-1.jpg
Nike Dunk LowZebra,https://www.nike.com.br/nike-dunk-low-153-169-211-323268,Esgotado,https://images.lojanike.com.br/500x500/produto/tenis-nike-dunk-low-retro-prm-DH7913-001-1-11622138310.jpg
Nike SB Dunk Low ProRed Plum,https://www.nike.com.br/nike-sb-dunk-low-pro-513-514-515-332751,Comprar,https://images.lojanike.com.br/500x500/produto/tenis-nike-sb-dunk-low-pro-BQ6817-501-1-11624978779.jpg
SB Dunk Low ProBarcelona,https://www.nike.com.br/sb-dunk-low-pro-513-514-515-346215,Comprar,https://images.lojanike.com.br/500x500/produto/tenis-nike-sb-dunk-low-pro-unissex-DJ0606-400-1-11626190355.jpg
Women's Air Force 1 Fontanka Foam Pink,https://www.nike.com.br/womens-air-force-1-fontanka-1-16-210-338110,Comprar,https://images.lojanike.com.br/500x500/produto/tenis-w-air-force-1-fontanka-DA7024-600-1-11621540896.jpg
Dunk High 1985 x UNDERCOVERGym Red,https://www.nike.com.br/dunk-high-1985-x-undercover-153-169-211-350197,Comprar,https://images.lojanike.com.br/500x500/produto/dunk-high-1985-x-undercover-DD9401-600-1-11627399924.jpgAir Jordan 5Moonlight,https://www.nike.com.br/air-jordan-5-153-169-211-326228,Comprar,https://images.lojanike.com.br/500x500/produto/air-jordan-5-CT4838-011-1-11628867022.jpg
Air Jordan 5Moonlight,https://www.nike.com.br/air-jordan-5-153-169-211-326228,Comprar,https://images.lojanike.com.br/500x500/produto/air-jordan-5-CT4838-011-1-11628867022.jpg
Air PrestoMulti-Color Storm,https://www.nike.com.br/air-presto-153-169-211-348634,Comprar,https://images.lojanike.com.br/500x500/produto/tenis-nike-air-presto-DM9554-900-1-11628873196.jpg
Air PrestoOrange,https://www.nike.com.br/air-presto-153-169-211-333755,Comprar,https://images.lojanike.com.br/500x500/produto/tenis-nike-air-presto-CT3550-800-1-11624544462.jpg
Nike Dunk Hi RetroMidnight Navy,https://www.nike.com.br/nike-dunk-hi-retro-153-169-211-341249,Comprar,https://images.lojanike.com.br/500x500/produto/tenis-nike-dunk-hi-retro-DD1399-104-1-11628870147.jpg
Women\'s Air Jordan 6Gold Hoops,https://www.nike.com.br/womens-air-jordan-6-1-16-210-327027,Comprar,https://images.lojanike.com.br/500x500/produto/tenis-air-jordan-6-retro-feminino-DH9696-100-1-11624383777.jpg
NIKE DUNK LOW SCRAPARCHEO BROWN,https://www.nike.com.br/nike-dunk-low-scrap-153-169-211-339112,Comprar,https://images.lojanike.com.br/320x320/produto/tenis-nike-dunk-scrap-DB0500-200-1-11628003737.jpg
Air Presto Disponível às 28/09 às 10:00,https://www.nike.com.br/air-presto-153-169-211-333755,Comprar,https://images.lojanike.com.br/500x500/produto/tenis-nike-air-presto-CT3550-800-1-11624544462.jpg
Women's Dunk HighCrimson Tint,https://www.nike.com.br/womens-dunk-high-1-16-210-322650,Comprar,https://images.lojanike.com.br/500x500/produto/tenis-w-nike-dunk-high-DD1869-104-1.jpg
Dunk Low x UNDEFEATED5 On It,https://www.nike.com.br/dunk-low-x-undefeated-153-169-211-350488,Comprar,https://images.lojanike.com.br/500x500/produto/tenis-nike-dunk-low-sp-DH6508-400-1-11628603955.jpg
Air Jordan 1 Retro High OG Disponível às 09/10 às 10:00,https://www.nike.com.br/air-jordan-1-retro-high-og-153-169-222-332155,Avise-me,https://images.lojanike.com.br/500x500/produto/tenis-air-jordan-1-retro-high-og-555088-701-1-11621539408.jpg
Air Jordan 1 Retro High OGPollen,https://www.nike.com.br/air-jordan-1-retro-high-og-153-169-222-332155,Avise-me,https://images.lojanike.com.br/500x500/produto/tenis-air-jordan-1-retro-high-og-555088-701-1-11621539408.jpg
Women's Air Jordan 6Gold Hoops,https://www.nike.com.br/womenx27s-air-jordan-6-1-16-210-327035,Comprar,https://images.lojanike.com.br/320x320/produto/tenis-air-jordan-6-retro-feminino-DH9696-100-1-11624383777.jpg
Air Max Tailwind 5 SKChrome,https://www.nike.com.br/air-max-tailwind-5-sk-153-169-211-260861,Comprar,https://images.lojanike.com.br/320x320/produto/air-max-tailwind-5-sk-CU1706-001-1-11623160661.jpg
Air Max 1 x CLOT Infantil (24-33)Net,https://www.nike.com.br/air-max-1-x-clot-infantil-24-33-67-80-445-308383,Comprar,https://images.lojanike.com.br/320x320/produto/air-max-1-x-clot-infantil-24-33-DH2493-100-1-11621542774.jpg
Nike x Matthew WilliamsNRG x Te JACKET,https://www.nike.com.br/nike-x-matthew-williams-153-169-211-221875,Comprar,https://images.lojanike.com.br/320x320/produto/jaqueta-nike-essentials-masculina-CT1042-010-1.jpg
Zoom 004 x MMWRust Factor,https://www.nike.com.br/zoom-004-x-mmw-153-169-211-307624,Comprar,https://images.lojanike.com.br/320x320/produto/zoom-004-x-mmw-DC7442-800-1-11621359278.jpg
Air Max 95 x Kim JonesTotal Orange,https://www.nike.com.br/air-max-95-x-kim-jones-153-169-211-307460,Comprar,https://images.lojanike.com.br/320x320/produto/air-max-95-x-kim-jones-DD1871-001-1.jpg
Nike x Kim JonesNRG MESH SHORT,https://www.nike.com.br/nike-x-kim-jones-153-169-211-308530,Comprar,https://images.lojanike.com.br/320x320/produto/shorts-nike-x-kim-jones-unissex-DH6588-100-1.jpg
Nike x Kim JonesPrinted Track Pant,https://www.nike.com.br/nike-x-kim-jones-153-169-211-308523,Comprar,https://images.lojanike.com.br/320x320/produto/calca-nike-x-kim-jones-unissex-DH6585-100-1.jpg
Air Max Tailwind 5 x SkeptaChrome Blue,https://www.nike.com.br/air-max-tailwind-5-x-skepta-153-169-211-221858,Comprar,https://images.lojanike.com.br/320x320/produto/air-max-tailwind-5-x-skepta-CQ8714-001-1.jpg
Jordan 1 Mid Infantil (27-33)Black/White/Gym Red,https://www.nike.com.br/jordan-1-mid-infantil-27-33-67-80-445-269803,Comprar,https://images.lojanike.com.br/320x320/produto/jordan-1-mid-infantil-27-33-AR6351-074-1.jpg
Jordan 1 Mid Infantil (16-26)Black/White/Gym Red,https://www.nike.com.br/jordan-1-mid-infantil-16-26-67-80-445-269816,Comprar,https://images.lojanike.com.br/320x320/produto/jordan-1-mid-infantil-16-26-AR6352-074-1.jpg
Air Max 97 x UNDEFEATEDWhite,https://www.nike.com.br/air-max-97-x-undefeated-153-169-211-304085,Comprar,https://images.lojanike.com.br/320x320/produto/air-max-97-x-undefeated-DC4830-100-1.jpg
Nike x AmbushCalça Feminina,https://www.nike.com.br/nike-x-ambush-1-16-210-284090,Comprar,https://images.lojanike.com.br/320x320/produto/nike-x-ambush-DB8589-010-1.jpg
Nike x AmbushJaqueta Feminina,https://www.nike.com.br/nike-x-ambush-1-16-210-284106,Comprar,https://images.lojanike.com.br/320x320/produto/nike-x-ambush-DB8576-010-1.jpg
Air Force 1 Mid JewelNYC Cool Grey,https://www.nike.com.br/air-force-1-mid-jewel-153-169-211-350438,Avise-me,https://images.lojanike.com.br/500x500/produto/tenis-air-force-1-mid-qs-DH5622-001-1-11630590874.jpg
Air Jordan 11 Low IEBred,https://www.nike.com.br/air-jordan-11-low-ie-153-169-211-349088,Avise-me,https://images.lojanike.com.br/500x500/produto/tenis-air-jordan-11-retro-low-ie-919712-023-1-11631107446.jpg
NOCTA GOLFM NRG TRACK JACKET,https://www.nike.com.br/nocta-golf-153-169-211-350794,Comprar,https://images.lojanike.com.br/500x500/produto/jaqueta-m-nrg-bk-fz-track-jacket-DM7295-133-1-11631631680.jpg
NOCTA GOLFM NRG WOVEN JACKET,https://www.nike.com.br/nocta-golf-153-169-211-350750,Comprar,https://images.lojanike.com.br/500x500/produto/jaqueta-m-nrg-bk-woven-jacket-DJ5586-012-1-11631631666.jpg
Air Tuned MaxBlackout,https://www.nike.com.br/air-tuned-max-153-169-211-340737,Comprar,https://images.lojanike.com.br/500x500/produto/tenis-air-tuned-max-DC9288-002-1-11621541418.jpg
Air More UptempoCool Grey and Midnight Navy,https://www.nike.com.br/air-more-uptempo-153-169-211-332241,Comprar,https://images.lojanike.com.br/500x500/produto/tenis-air-more-uptempo-96-921948-003-1-11621539439.jpg
Air Jordan 11 Low IE Disponível às 07/10 às 10:00,https://www.nike.com.br/air-jordan-11-low-ie-153-169-211-349088,Avise-me,https://images.lojanike.com.br/500x500/produto/tenis-air-jordan-11-retro-low-ie-919712-023-1-11631107446.jpg
Air Force 1 Mid Jewel Disponível às 09/10 às 10:00,https://www.nike.com.br/air-force-1-mid-jewel-153-169-211-350438,Avise-me,https://images.lojanike.com.br/500x500/produto/tenis-air-force-1-mid-qs-DH5622-001-1-11630590874.jpg
